{"cameraMode":{"drawMode":0,"name":"Shaded","section":"Shading Mode"},"sceneLighting":false,"audioPlay":false,"sceneViewState":{"m_AlwaysRefresh":false,"showFog":true,"showSkybox":false,"showFlares":true,"showImageEffects":true,"showParticleSystems":true,"showVisualEffectGraphs":true,"m_FxEnabled":true},"in2DMode":false,"pivot":{"x":-0.002579193562269211,"y":0.032020069658756259,"z":0.0009346902370452881},"rotation":{"x":0.15887722373008729,"y":0.43944475054740908,"z":-0.07928942143917084,"w":0.880545973777771},"size":0.10934819281101227,"orthographic":false}