{"cameraMode":{"drawMode":0,"name":"Shaded","section":"Shading Mode"},"sceneLighting":false,"audioPlay":false,"sceneViewState":{"m_AlwaysRefresh":false,"showFog":true,"showSkybox":false,"showFlares":true,"showImageEffects":true,"showParticleSystems":true,"showVisualEffectGraphs":true,"m_FxEnabled":true},"in2DMode":false,"pivot":{"x":31.512706756591798,"y":2.831911563873291,"z":-44.49226760864258},"rotation":{"x":0.26887691020965578,"y":0.14380748569965363,"z":-0.040636926889419559,"w":0.9515118598937988},"size":1.2369049787521363,"orthographic":false}